Date,Time,HomeTeam,AwayTeam,HG,AG,Covid,Season
9/8/2019,20:00,Liverpool,Norwich,4,1,Before,2019
10/8/2019,12:30,West Ham,Man City,0,5,Before,2019
10/8/2019,15:00,Bournemouth,Sheffield United,1,1,Before,2019
10/8/2019,15:00,Burnley,Southampton,3,0,Before,2019
10/8/2019,15:00,Crystal Palace,Everton,0,0,Before,2019
10/8/2019,15:00,Watford,Brighton,0,3,Before,2019
10/8/2019,17:30,Tottenham,Aston Villa,3,1,Before,2019
11/8/2019,14:00,Leicester,Wolves,0,0,Before,2019
11/8/2019,14:00,Newcastle,Arsenal,0,1,Before,2019
11/8/2019,16:30,Man United,Chelsea,4,0,Before,2019
17/08/2019,12:30,Arsenal,Burnley,2,1,Before,2019
17/08/2019,15:00,Aston Villa,Bournemouth,1,2,Before,2019
17/08/2019,15:00,Brighton,West Ham,1,1,Before,2019
17/08/2019,15:00,Everton,Watford,1,0,Before,2019
17/08/2019,15:00,Norwich,Newcastle,3,1,Before,2019
17/08/2019,15:00,Southampton,Liverpool,1,2,Before,2019
17/08/2019,17:30,Man City,Tottenham,2,2,Before,2019
18/08/2019,14:00,Sheffield United,Crystal Palace,1,0,Before,2019
18/08/2019,16:30,Chelsea,Leicester,1,1,Before,2019
19/08/2019,20:00,Wolves,Man United,1,1,Before,2019
23/08/2019,20:00,Aston Villa,Everton,2,0,Before,2019
24/08/2019,12:30,Norwich,Chelsea,2,3,Before,2019
24/08/2019,15:00,Brighton,Southampton,0,2,Before,2019
24/08/2019,15:00,Man United,Crystal Palace,1,2,Before,2019
24/08/2019,15:00,Sheffield United,Leicester,1,2,Before,2019
24/08/2019,15:00,Watford,West Ham,1,3,Before,2019
24/08/2019,17:30,Liverpool,Arsenal,3,1,Before,2019
25/08/2019,14:00,Bournemouth,Man City,1,3,Before,2019
25/08/2019,16:30,Tottenham,Newcastle,0,1,Before,2019
25/08/2019,16:30,Wolves,Burnley,1,1,Before,2019
31/08/2019,12:30,Southampton,Man United,1,1,Before,2019
31/08/2019,15:00,Chelsea,Sheffield United,2,2,Before,2019
31/08/2019,15:00,Crystal Palace,Aston Villa,1,0,Before,2019
31/08/2019,15:00,Leicester,Bournemouth,3,1,Before,2019
31/08/2019,15:00,Man City,Brighton,4,0,Before,2019
31/08/2019,15:00,Newcastle,Watford,1,1,Before,2019
31/08/2019,15:00,West Ham,Norwich,2,0,Before,2019
31/08/2019,17:30,Burnley,Liverpool,0,3,Before,2019
1/9/2019,14:00,Everton,Wolves,3,2,Before,2019
1/9/2019,16:30,Arsenal,Tottenham,2,2,Before,2019
14/09/2019,12:30,Liverpool,Newcastle,3,1,Before,2019
14/09/2019,15:00,Brighton,Burnley,1,1,Before,2019
14/09/2019,15:00,Man United,Leicester,1,0,Before,2019
14/09/2019,15:00,Sheffield United,Southampton,0,1,Before,2019
14/09/2019,15:00,Tottenham,Crystal Palace,4,0,Before,2019
14/09/2019,15:00,Wolves,Chelsea,2,5,Before,2019
14/09/2019,17:30,Norwich,Man City,3,2,Before,2019
15/09/2019,14:00,Bournemouth,Everton,3,1,Before,2019
15/09/2019,16:30,Watford,Arsenal,2,2,Before,2019
16/09/2019,20:00,Aston Villa,West Ham,0,0,Before,2019
20/09/2019,20:00,Southampton,Bournemouth,1,3,Before,2019
21/09/2019,12:30,Leicester,Tottenham,2,1,Before,2019
21/09/2019,15:00,Burnley,Norwich,2,0,Before,2019
21/09/2019,15:00,Everton,Sheffield United,0,2,Before,2019
21/09/2019,15:00,Man City,Watford,8,0,Before,2019
21/09/2019,17:30,Newcastle,Brighton,0,0,Before,2019
22/09/2019,14:00,Crystal Palace,Wolves,1,1,Before,2019
22/09/2019,14:00,West Ham,Man United,2,0,Before,2019
22/09/2019,16:30,Arsenal,Aston Villa,3,2,Before,2019
22/09/2019,16:30,Chelsea,Liverpool,1,2,Before,2019
28/09/2019,12:30,Sheffield United,Liverpool,0,1,Before,2019
28/09/2019,15:00,Aston Villa,Burnley,2,2,Before,2019
28/09/2019,15:00,Bournemouth,West Ham,2,2,Before,2019
28/09/2019,15:00,Chelsea,Brighton,2,0,Before,2019
28/09/2019,15:00,Crystal Palace,Norwich,2,0,Before,2019
28/09/2019,15:00,Tottenham,Southampton,2,1,Before,2019
28/09/2019,15:00,Wolves,Watford,2,0,Before,2019
28/09/2019,17:30,Everton,Man City,1,3,Before,2019
29/09/2019,16:30,Leicester,Newcastle,5,0,Before,2019
30/09/2019,20:00,Man United,Arsenal,1,1,Before,2019
5/10/2019,12:30,Brighton,Tottenham,3,0,Before,2019
5/10/2019,15:00,Burnley,Everton,1,0,Before,2019
5/10/2019,15:00,Liverpool,Leicester,2,1,Before,2019
5/10/2019,15:00,Norwich,Aston Villa,1,5,Before,2019
5/10/2019,15:00,Watford,Sheffield United,0,0,Before,2019
5/10/2019,17:30,West Ham,Crystal Palace,1,2,Before,2019
6/10/2019,14:00,Arsenal,Bournemouth,1,0,Before,2019
6/10/2019,14:00,Man City,Wolves,0,2,Before,2019
6/10/2019,14:00,Southampton,Chelsea,1,4,Before,2019
6/10/2019,16:30,Newcastle,Man United,1,0,Before,2019
19/10/2019,12:30,Everton,West Ham,2,0,Before,2019
19/10/2019,15:00,Aston Villa,Brighton,2,1,Before,2019
19/10/2019,15:00,Bournemouth,Norwich,0,0,Before,2019
19/10/2019,15:00,Chelsea,Newcastle,1,0,Before,2019
19/10/2019,15:00,Leicester,Burnley,2,1,Before,2019
19/10/2019,15:00,Tottenham,Watford,1,1,Before,2019
19/10/2019,15:00,Wolves,Southampton,1,1,Before,2019
19/10/2019,17:30,Crystal Palace,Man City,0,2,Before,2019
20/10/2019,16:30,Man United,Liverpool,1,1,Before,2019
21/10/2019,20:00,Sheffield United,Arsenal,1,0,Before,2019
25/10/2019,20:00,Southampton,Leicester,0,9,Before,2019
26/10/2019,12:30,Man City,Aston Villa,3,0,Before,2019
26/10/2019,15:00,Brighton,Everton,3,2,Before,2019
26/10/2019,15:00,Watford,Bournemouth,0,0,Before,2019
26/10/2019,15:00,West Ham,Sheffield United,1,1,Before,2019
26/10/2019,17:30,Burnley,Chelsea,2,4,Before,2019
27/10/2019,14:00,Newcastle,Wolves,1,1,Before,2019
27/10/2019,16:30,Arsenal,Crystal Palace,2,2,Before,2019
27/10/2019,16:30,Liverpool,Tottenham,2,1,Before,2019
27/10/2019,16:30,Norwich,Man United,1,3,Before,2019
2/11/2019,12:30,Bournemouth,Man United,1,0,Before,2019
2/11/2019,15:00,Arsenal,Wolves,1,1,Before,2019
2/11/2019,15:00,Aston Villa,Liverpool,1,2,Before,2019
2/11/2019,15:00,Brighton,Norwich,2,0,Before,2019
2/11/2019,15:00,Man City,Southampton,2,1,Before,2019
2/11/2019,15:00,Sheffield United,Burnley,3,0,Before,2019
2/11/2019,15:00,West Ham,Newcastle,2,3,Before,2019
2/11/2019,17:30,Watford,Chelsea,1,2,Before,2019
3/11/2019,14:00,Crystal Palace,Leicester,0,2,Before,2019
3/11/2019,16:30,Everton,Tottenham,1,1,Before,2019
8/11/2019,20:00,Norwich,Watford,0,2,Before,2019
9/11/2019,12:30,Chelsea,Crystal Palace,2,0,Before,2019
9/11/2019,15:00,Burnley,West Ham,3,0,Before,2019
9/11/2019,15:00,Newcastle,Bournemouth,2,1,Before,2019
9/11/2019,15:00,Southampton,Everton,1,2,Before,2019
9/11/2019,15:00,Tottenham,Sheffield United,1,1,Before,2019
9/11/2019,17:30,Leicester,Arsenal,2,0,Before,2019
10/11/2019,14:00,Man United,Brighton,3,1,Before,2019
10/11/2019,14:00,Wolves,Aston Villa,2,1,Before,2019
10/11/2019,16:30,Liverpool,Man City,3,1,Before,2019
23/11/2019,12:30,West Ham,Tottenham,2,3,Before,2019
23/11/2019,15:00,Arsenal,Southampton,2,2,Before,2019
23/11/2019,15:00,Bournemouth,Wolves,1,2,Before,2019
23/11/2019,15:00,Brighton,Leicester,0,2,Before,2019
23/11/2019,15:00,Crystal Palace,Liverpool,1,2,Before,2019
23/11/2019,15:00,Everton,Norwich,0,2,Before,2019
23/11/2019,15:00,Watford,Burnley,0,3,Before,2019
23/11/2019,17:30,Man City,Chelsea,2,1,Before,2019
24/11/2019,16:30,Sheffield United,Man United,3,3,Before,2019
25/11/2019,20:00,Aston Villa,Newcastle,2,0,Before,2019
30/11/2019,12:30,Newcastle,Man City,2,2,Before,2019
30/11/2019,15:00,Burnley,Crystal Palace,0,2,Before,2019
30/11/2019,15:00,Chelsea,West Ham,0,1,Before,2019
30/11/2019,15:00,Liverpool,Brighton,2,1,Before,2019
30/11/2019,15:00,Tottenham,Bournemouth,3,2,Before,2019
30/11/2019,17:30,Southampton,Watford,2,1,Before,2019
1/12/2019,14:00,Norwich,Arsenal,2,2,Before,2019
1/12/2019,14:00,Wolves,Sheffield United,1,1,Before,2019
1/12/2019,16:30,Leicester,Everton,2,1,Before,2019
1/12/2019,16:30,Man United,Aston Villa,2,2,Before,2019
3/12/2019,19:30,Crystal Palace,Bournemouth,1,0,Before,2019
3/12/2019,20:15,Burnley,Man City,1,4,Before,2019
4/12/2019,19:30,Chelsea,Aston Villa,2,1,Before,2019
4/12/2019,19:30,Leicester,Watford,2,0,Before,2019
4/12/2019,19:30,Man United,Tottenham,2,1,Before,2019
4/12/2019,19:30,Southampton,Norwich,2,1,Before,2019
4/12/2019,19:30,Wolves,West Ham,2,0,Before,2019
4/12/2019,20:15,Liverpool,Everton,5,2,Before,2019
5/12/2019,19:30,Sheffield United,Newcastle,0,2,Before,2019
5/12/2019,20:15,Arsenal,Brighton,1,2,Before,2019
7/12/2019,12:30,Everton,Chelsea,3,1,Before,2019
7/12/2019,15:00,Bournemouth,Liverpool,0,3,Before,2019
7/12/2019,15:00,Tottenham,Burnley,5,0,Before,2019
7/12/2019,15:00,Watford,Crystal Palace,0,0,Before,2019
7/12/2019,17:30,Man City,Man United,1,2,Before,2019
8/12/2019,14:00,Aston Villa,Leicester,1,4,Before,2019
8/12/2019,14:00,Newcastle,Southampton,2,1,Before,2019
8/12/2019,14:00,Norwich,Sheffield United,1,2,Before,2019
8/12/2019,16:30,Brighton,Wolves,2,2,Before,2019
9/12/2019,20:00,West Ham,Arsenal,1,3,Before,2019
14/12/2019,12:30,Liverpool,Watford,2,0,Before,2019
14/12/2019,15:00,Burnley,Newcastle,1,0,Before,2019
14/12/2019,15:00,Chelsea,Bournemouth,0,1,Before,2019
14/12/2019,15:00,Leicester,Norwich,1,1,Before,2019
14/12/2019,15:00,Sheffield United,Aston Villa,2,0,Before,2019
14/12/2019,17:30,Southampton,West Ham,0,1,Before,2019
15/12/2019,14:00,Man United,Everton,1,1,Before,2019
15/12/2019,14:00,Wolves,Tottenham,1,2,Before,2019
15/12/2019,16:30,Arsenal,Man City,0,3,Before,2019
16/12/2019,19:45,Crystal Palace,Brighton,1,1,Before,2019
21/12/2019,12:30,Everton,Arsenal,0,0,Before,2019
21/12/2019,15:00,Aston Villa,Southampton,1,3,Before,2019
21/12/2019,15:00,Bournemouth,Burnley,0,1,Before,2019
21/12/2019,15:00,Brighton,Sheffield United,0,1,Before,2019
21/12/2019,15:00,Newcastle,Crystal Palace,1,0,Before,2019
21/12/2019,15:00,Norwich,Wolves,1,2,Before,2019
21/12/2019,17:30,Man City,Leicester,3,1,Before,2019
22/12/2019,14:00,Watford,Man United,2,0,Before,2019
22/12/2019,16:30,Tottenham,Chelsea,0,2,Before,2019
26/12/2019,12:30,Tottenham,Brighton,2,1,Before,2019
26/12/2019,15:00,Aston Villa,Norwich,1,0,Before,2019
26/12/2019,15:00,Bournemouth,Arsenal,1,1,Before,2019
26/12/2019,15:00,Chelsea,Southampton,0,2,Before,2019
26/12/2019,15:00,Crystal Palace,West Ham,2,1,Before,2019
26/12/2019,15:00,Everton,Burnley,1,0,Before,2019
26/12/2019,15:00,Sheffield United,Watford,1,1,Before,2019
26/12/2019,17:30,Man United,Newcastle,4,1,Before,2019
26/12/2019,20:00,Leicester,Liverpool,0,4,Before,2019
27/12/2019,19:45,Wolves,Man City,3,2,Before,2019
28/12/2019,12:30,Brighton,Bournemouth,2,0,Before,2019
28/12/2019,15:00,Newcastle,Everton,1,2,Before,2019
28/12/2019,15:00,Southampton,Crystal Palace,1,1,Before,2019
28/12/2019,15:00,Watford,Aston Villa,3,0,Before,2019
28/12/2019,17:30,Norwich,Tottenham,2,2,Before,2019
28/12/2019,17:30,West Ham,Leicester,1,2,Before,2019
28/12/2019,19:45,Burnley,Man United,0,2,Before,2019
29/12/2019,14:00,Arsenal,Chelsea,1,2,Before,2019
29/12/2019,16:30,Liverpool,Wolves,1,0,Before,2019
29/12/2019,18:00,Man City,Sheffield United,2,0,Before,2019
1/1/2020,12:30,Brighton,Chelsea,1,1,Before,2019
1/1/2020,12:30,Burnley,Aston Villa,1,2,Before,2019
1/1/2020,15:00,Newcastle,Leicester,0,3,Before,2019
1/1/2020,15:00,Southampton,Tottenham,1,0,Before,2019
1/1/2020,15:00,Watford,Wolves,2,1,Before,2019
1/1/2020,17:30,Man City,Everton,2,1,Before,2019
1/1/2020,17:30,Norwich,Crystal Palace,1,1,Before,2019
1/1/2020,17:30,West Ham,Bournemouth,4,0,Before,2019
1/1/2020,20:00,Arsenal,Man United,2,0,Before,2019
2/1/2020,20:00,Liverpool,Sheffield United,2,0,Before,2019
10/1/2020,20:00,Sheffield United,West Ham,1,0,Before,2019
11/1/2020,12:30,Crystal Palace,Arsenal,1,1,Before,2019
11/1/2020,15:00,Chelsea,Burnley,3,0,Before,2019
11/1/2020,15:00,Everton,Brighton,1,0,Before,2019
11/1/2020,15:00,Leicester,Southampton,1,2,Before,2019
11/1/2020,15:00,Man United,Norwich,4,0,Before,2019
11/1/2020,15:00,Wolves,Newcastle,1,1,Before,2019
11/1/2020,17:30,Tottenham,Liverpool,0,1,Before,2019
12/1/2020,14:00,Bournemouth,Watford,0,3,Before,2019
12/1/2020,16:30,Aston Villa,Man City,1,6,Before,2019
18/01/2020,12:30,Watford,Tottenham,0,0,Before,2019
18/01/2020,15:00,Arsenal,Sheffield United,1,1,Before,2019
18/01/2020,15:00,Brighton,Aston Villa,1,1,Before,2019
18/01/2020,15:00,Man City,Crystal Palace,2,2,Before,2019
18/01/2020,15:00,Norwich,Bournemouth,1,0,Before,2019
18/01/2020,15:00,Southampton,Wolves,2,3,Before,2019
18/01/2020,15:00,West Ham,Everton,1,1,Before,2019
18/01/2020,17:30,Newcastle,Chelsea,1,0,Before,2019
19/01/2020,14:00,Burnley,Leicester,2,1,Before,2019
19/01/2020,16:30,Liverpool,Man United,2,0,Before,2019
21/01/2020,19:30,Aston Villa,Watford,2,1,Before,2019
21/01/2020,19:30,Bournemouth,Brighton,3,1,Before,2019
21/01/2020,19:30,Crystal Palace,Southampton,0,2,Before,2019
21/01/2020,19:30,Everton,Newcastle,2,2,Before,2019
21/01/2020,19:30,Sheffield United,Man City,0,1,Before,2019
21/01/2020,20:15,Chelsea,Arsenal,2,2,Before,2019
22/01/2020,19:30,Leicester,West Ham,4,1,Before,2019
22/01/2020,19:30,Tottenham,Norwich,2,1,Before,2019
22/01/2020,20:15,Man United,Burnley,0,2,Before,2019
23/01/2020,20:00,Wolves,Liverpool,1,2,Before,2019
29/01/2020,19:45,West Ham,Liverpool,0,2,Before,2019
1/2/2020,12:30,Leicester,Chelsea,2,2,Before,2019
1/2/2020,15:00,Bournemouth,Aston Villa,2,1,Before,2019
1/2/2020,15:00,Crystal Palace,Sheffield United,0,1,Before,2019
1/2/2020,15:00,Liverpool,Southampton,4,0,Before,2019
1/2/2020,15:00,Newcastle,Norwich,0,0,Before,2019
1/2/2020,15:00,Watford,Everton,2,3,Before,2019
1/2/2020,15:00,West Ham,Brighton,3,3,Before,2019
1/2/2020,17:30,Man United,Wolves,0,0,Before,2019
2/2/2020,14:00,Burnley,Arsenal,0,0,Before,2019
2/2/2020,16:30,Tottenham,Man City,2,0,Before,2019
8/2/2020,12:30,Everton,Crystal Palace,3,1,Before,2019
8/2/2020,17:30,Brighton,Watford,1,1,Before,2019
9/2/2020,14:00,Sheffield United,Bournemouth,2,1,Before,2019
14/02/2020,20:00,Wolves,Leicester,0,0,Before,2019
15/02/2020,12:30,Southampton,Burnley,1,2,Before,2019
15/02/2020,17:30,Norwich,Liverpool,0,1,Before,2019
16/02/2020,14:00,Aston Villa,Tottenham,2,3,Before,2019
16/02/2020,16:30,Arsenal,Newcastle,4,0,Before,2019
17/02/2020,20:00,Chelsea,Man United,0,2,Before,2019
19/02/2020,19:30,Man City,West Ham,2,0,Before,2019
22/02/2020,12:30,Chelsea,Tottenham,2,1,Before,2019
22/02/2020,15:00,Burnley,Bournemouth,3,0,Before,2019
22/02/2020,15:00,Crystal Palace,Newcastle,1,0,Before,2019
22/02/2020,15:00,Sheffield United,Brighton,1,1,Before,2019
22/02/2020,15:00,Southampton,Aston Villa,2,0,Before,2019
22/02/2020,17:30,Leicester,Man City,0,1,Before,2019
23/02/2020,14:00,Man United,Watford,3,0,Before,2019
23/02/2020,14:00,Wolves,Norwich,3,0,Before,2019
23/02/2020,16:30,Arsenal,Everton,3,2,Before,2019
24/02/2020,20:00,Liverpool,West Ham,3,2,Before,2019
28/02/2020,20:00,Norwich,Leicester,1,0,Before,2019
29/02/2020,12:30,Brighton,Crystal Palace,0,1,Before,2019
29/02/2020,15:00,Bournemouth,Chelsea,2,2,Before,2019
29/02/2020,15:00,Newcastle,Burnley,0,0,Before,2019
29/02/2020,15:00,West Ham,Southampton,3,1,Before,2019
29/02/2020,17:30,Watford,Liverpool,3,0,Before,2019
1/3/2020,14:00,Everton,Man United,1,1,Before,2019
1/3/2020,14:00,Tottenham,Wolves,2,3,Before,2019
7/3/2020,12:30,Liverpool,Bournemouth,2,1,Before,2019
7/3/2020,15:00,Arsenal,West Ham,1,0,Before,2019
7/3/2020,15:00,Crystal Palace,Watford,1,0,Before,2019
7/3/2020,15:00,Sheffield United,Norwich,1,0,Before,2019
7/3/2020,15:00,Southampton,Newcastle,0,1,Before,2019
7/3/2020,15:00,Wolves,Brighton,0,0,Before,2019
7/3/2020,17:30,Burnley,Tottenham,1,1,Before,2019
8/3/2020,14:00,Chelsea,Everton,4,0,Before,2019
8/3/2020,16:30,Man United,Man City,2,0,Before,2019
9/3/2020,20:00,Leicester,Aston Villa,4,0,Before,2019
17/06/2020,18:00,Aston Villa,Sheffield United,0,0,During,2019
17/06/2020,20:15,Man City,Arsenal,3,0,During,2019
19/06/2020,18:00,Norwich,Southampton,0,3,During,2019
19/06/2020,20:15,Tottenham,Man United,1,1,During,2019
20/06/2020,12:30,Watford,Leicester,1,1,During,2019
20/06/2020,15:00,Brighton,Arsenal,2,1,During,2019
20/06/2020,17:30,West Ham,Wolves,0,2,During,2019
20/06/2020,19:45,Bournemouth,Crystal Palace,0,2,During,2019
21/06/2020,14:00,Newcastle,Sheffield United,3,0,During,2019
21/06/2020,16:15,Aston Villa,Chelsea,1,2,During,2019
21/06/2020,19:00,Everton,Liverpool,0,0,During,2019
22/06/2020,20:00,Man City,Burnley,5,0,During,2019
23/06/2020,18:00,Leicester,Brighton,0,0,During,2019
23/06/2020,20:15,Tottenham,West Ham,2,0,During,2019
24/06/2020,18:00,Man United,Sheffield United,3,0,During,2019
24/06/2020,18:00,Newcastle,Aston Villa,1,1,During,2019
24/06/2020,18:00,Norwich,Everton,0,1,During,2019
24/06/2020,18:00,Wolves,Bournemouth,1,0,During,2019
24/06/2020,20:15,Liverpool,Crystal Palace,4,0,During,2019
25/06/2020,18:00,Burnley,Watford,1,0,During,2019
25/06/2020,18:00,Southampton,Arsenal,0,2,During,2019
25/06/2020,20:15,Chelsea,Man City,2,1,During,2019
27/06/2020,12:30,Aston Villa,Wolves,0,1,During,2019
28/06/2020,16:30,Watford,Southampton,1,3,During,2019
29/06/2020,20:00,Crystal Palace,Burnley,0,1,During,2019
30/06/2020,20:15,Brighton,Man United,0,3,During,2019
1/7/2020,18:00,Arsenal,Norwich,4,0,During,2019
1/7/2020,18:00,Bournemouth,Newcastle,1,4,During,2019
1/7/2020,18:00,Everton,Leicester,2,1,During,2019
1/7/2020,20:15,West Ham,Chelsea,3,2,During,2019
2/7/2020,18:00,Sheffield United,Tottenham,3,1,During,2019
2/7/2020,20:15,Man City,Liverpool,4,0,During,2019
4/7/2020,12:30,Norwich,Brighton,0,1,During,2019
4/7/2020,15:00,Leicester,Crystal Palace,3,0,During,2019
4/7/2020,15:00,Man United,Bournemouth,5,2,During,2019
4/7/2020,17:30,Wolves,Arsenal,0,2,During,2019
4/7/2020,20:00,Chelsea,Watford,3,0,During,2019
5/7/2020,12:00,Burnley,Sheffield United,1,1,During,2019
5/7/2020,14:15,Newcastle,West Ham,2,2,During,2019
5/7/2020,16:30,Liverpool,Aston Villa,2,0,During,2019
5/7/2020,19:00,Southampton,Man City,1,0,During,2019
6/7/2020,20:00,Tottenham,Everton,1,0,During,2019
7/7/2020,18:00,Crystal Palace,Chelsea,2,3,During,2019
7/7/2020,18:00,Watford,Norwich,2,1,During,2019
7/7/2020,20:15,Arsenal,Leicester,1,1,During,2019
8/7/2020,18:00,Man City,Newcastle,5,0,During,2019
8/7/2020,18:00,Sheffield United,Wolves,1,0,During,2019
8/7/2020,18:00,West Ham,Burnley,0,1,During,2019
8/7/2020,20:15,Brighton,Liverpool,1,3,During,2019
9/7/2020,18:00,Bournemouth,Tottenham,0,0,During,2019
9/7/2020,18:00,Everton,Southampton,1,1,During,2019
9/7/2020,20:15,Aston Villa,Man United,0,3,During,2019
11/7/2020,12:30,Norwich,West Ham,0,4,During,2019
11/7/2020,12:30,Watford,Newcastle,2,1,During,2019
11/7/2020,15:00,Liverpool,Burnley,1,1,During,2019
11/7/2020,17:30,Sheffield United,Chelsea,3,0,During,2019
11/7/2020,20:00,Brighton,Man City,0,5,During,2019
12/7/2020,12:00,Wolves,Everton,3,0,During,2019
12/7/2020,14:15,Aston Villa,Crystal Palace,2,0,During,2019
12/7/2020,16:30,Tottenham,Arsenal,2,1,During,2019
12/7/2020,19:00,Bournemouth,Leicester,4,1,During,2019
13/07/2020,20:00,Man United,Southampton,2,2,During,2019
14/07/2020,20:15,Chelsea,Norwich,1,0,During,2019
15/07/2020,18:00,Burnley,Wolves,1,1,During,2019
15/07/2020,18:00,Man City,Bournemouth,2,1,During,2019
15/07/2020,18:00,Newcastle,Tottenham,1,3,During,2019
15/07/2020,20:15,Arsenal,Liverpool,2,1,During,2019
16/07/2020,18:00,Everton,Aston Villa,1,1,During,2019
16/07/2020,18:00,Leicester,Sheffield United,2,0,During,2019
16/07/2020,20:15,Crystal Palace,Man United,0,2,During,2019
16/07/2020,20:15,Southampton,Brighton,1,1,During,2019
17/07/2020,20:00,West Ham,Watford,3,1,During,2019
18/07/2020,17:30,Norwich,Burnley,0,2,During,2019
19/07/2020,14:00,Bournemouth,Southampton,0,2,During,2019
19/07/2020,16:00,Tottenham,Leicester,3,0,During,2019
20/07/2020,18:00,Brighton,Newcastle,0,0,During,2019
20/07/2020,18:00,Sheffield United,Everton,0,1,During,2019
20/07/2020,20:15,Wolves,Crystal Palace,2,0,During,2019
21/07/2020,18:00,Watford,Man City,0,4,During,2019
21/07/2020,20:15,Aston Villa,Arsenal,1,0,During,2019
22/07/2020,18:00,Man United,West Ham,1,1,During,2019
22/07/2020,20:15,Liverpool,Chelsea,5,3,During,2019
26/07/2020,16:00,Arsenal,Watford,3,2,During,2019
26/07/2020,16:00,Burnley,Brighton,1,2,During,2019
26/07/2020,16:00,Chelsea,Wolves,2,0,During,2019
26/07/2020,16:00,Crystal Palace,Tottenham,1,1,During,2019
26/07/2020,16:00,Everton,Bournemouth,1,3,During,2019
26/07/2020,16:00,Leicester,Man United,0,2,During,2019
26/07/2020,16:00,Man City,Norwich,5,0,During,2019
26/07/2020,16:00,Newcastle,Liverpool,1,3,During,2019
26/07/2020,16:00,Southampton,Sheffield United,3,1,During,2019
26/07/2020,16:00,West Ham,Aston Villa,1,1,During,2019
12/9/2020,12:30,Fulham,Arsenal,0,3,During,2020
12/9/2020,15:00,Crystal Palace,Southampton,1,0,During,2020
12/9/2020,17:30,Liverpool,Leeds,4,3,During,2020
12/9/2020,20:00,West Ham,Newcastle,0,2,During,2020
13/09/2020,14:00,West Brom,Leicester,0,3,During,2020
13/09/2020,16:30,Tottenham,Everton,0,1,During,2020
14/09/2020,20:15,Brighton,Chelsea,1,3,During,2020
14/09/2020,18:00,Sheffield United,Wolves,0,2,During,2020
19/09/2020,12:30,Everton,West Brom,5,2,During,2020
19/09/2020,15:00,Leeds,Fulham,4,3,During,2020
19/09/2020,17:30,Man United,Crystal Palace,1,3,During,2020
19/09/2020,20:00,Arsenal,West Ham,2,1,During,2020
20/09/2020,12:00,Southampton,Tottenham,2,5,During,2020
20/09/2020,14:00,Newcastle,Brighton,0,3,During,2020
20/09/2020,16:30,Chelsea,Liverpool,0,2,During,2020
20/09/2020,19:00,Leicester,Burnley,4,2,During,2020
21/09/2020,18:00,Aston Villa,Sheffield United,1,0,During,2020
21/09/2020,20:15,Wolves,Man City,1,3,During,2020
26/09/2020,12:30,Brighton,Man United,2,3,During,2020
26/09/2020,15:00,Crystal Palace,Everton,1,2,During,2020
26/09/2020,17:30,West Brom,Chelsea,3,3,During,2020
26/09/2020,20:00,Burnley,Southampton,0,1,During,2020
27/09/2020,12:00,Sheffield United,Leeds,0,1,During,2020
27/09/2020,14:00,Tottenham,Newcastle,1,1,During,2020
27/09/2020,16:30,Man City,Leicester,2,5,During,2020
27/09/2020,19:00,West Ham,Wolves,4,0,During,2020
28/09/2020,17:45,Fulham,Aston Villa,0,3,During,2020
28/09/2020,20:00,Liverpool,Arsenal,3,1,During,2020
3/10/2020,12:30,Chelsea,Crystal Palace,4,0,During,2020
3/10/2020,15:00,Everton,Brighton,4,2,During,2020
3/10/2020,17:30,Leeds,Man City,1,1,During,2020
3/10/2020,20:00,Newcastle,Burnley,3,1,During,2020
4/10/2020,12:00,Leicester,West Ham,0,3,During,2020
4/10/2020,12:00,Southampton,West Brom,2,0,During,2020
4/10/2020,14:00,Arsenal,Sheffield United,2,1,During,2020
4/10/2020,14:00,Wolves,Fulham,1,0,During,2020
4/10/2020,16:30,Man United,Tottenham,1,6,During,2020
4/10/2020,19:15,Aston Villa,Liverpool,7,2,During,2020
17/10/2020,12:30,Everton,Liverpool,2,2,During,2020
17/10/2020,15:00,Chelsea,Southampton,3,3,During,2020
17/10/2020,17:30,Man City,Arsenal,1,0,During,2020
17/10/2020,20:00,Newcastle,Man United,1,4,During,2020
18/10/2020,12:00,Sheffield United,Fulham,1,1,During,2020
18/10/2020,14:00,Crystal Palace,Brighton,1,1,During,2020
18/10/2020,16:30,Tottenham,West Ham,3,3,During,2020
18/10/2020,19:15,Leicester,Aston Villa,0,1,During,2020
19/10/2020,17:30,West Brom,Burnley,0,0,During,2020
19/10/2020,20:00,Leeds,Wolves,0,1,During,2020
23/10/2020,20:00,Aston Villa,Leeds,0,3,During,2020
24/10/2020,12:30,West Ham,Man City,1,1,During,2020
24/10/2020,15:00,Fulham,Crystal Palace,1,2,During,2020
24/10/2020,17:30,Man United,Chelsea,0,0,During,2020
24/10/2020,20:00,Liverpool,Sheffield United,2,1,During,2020
25/10/2020,14:00,Southampton,Everton,2,0,During,2020
25/10/2020,16:30,Wolves,Newcastle,1,1,During,2020
25/10/2020,19:15,Arsenal,Leicester,0,1,During,2020
26/10/2020,17:30,Brighton,West Brom,1,1,During,2020
26/10/2020,20:00,Burnley,Tottenham,0,1,During,2020
30/10/2020,20:00,Wolves,Crystal Palace,2,0,During,2020
31/10/2020,12:30,Sheffield United,Man City,0,1,During,2020
31/10/2020,15:00,Burnley,Chelsea,0,3,During,2020
31/10/2020,17:30,Liverpool,West Ham,2,1,During,2020
1/11/2020,12:00,Aston Villa,Southampton,3,4,During,2020
1/11/2020,14:00,Newcastle,Everton,2,1,During,2020
1/11/2020,16:30,Man United,Arsenal,0,1,During,2020
1/11/2020,19:15,Tottenham,Brighton,2,1,During,2020
2/11/2020,17:30,Fulham,West Brom,2,0,During,2020
2/11/2020,20:00,Leeds,Leicester,1,4,During,2020
6/11/2020,17:30,Brighton,Burnley,0,0,During,2020
6/11/2020,20:00,Southampton,Newcastle,2,0,During,2020
7/11/2020,12:30,Everton,Man United,1,3,During,2020
7/11/2020,15:00,Crystal Palace,Leeds,4,1,During,2020
7/11/2020,17:30,Chelsea,Sheffield United,4,1,During,2020
7/11/2020,20:00,West Ham,Fulham,1,0,During,2020
8/11/2020,12:00,West Brom,Tottenham,0,1,During,2020
8/11/2020,14:00,Leicester,Wolves,1,0,During,2020
8/11/2020,16:30,Man City,Liverpool,1,1,During,2020
8/11/2020,19:15,Arsenal,Aston Villa,0,3,During,2020
21/11/2020,12:30,Newcastle,Chelsea,0,2,During,2020
21/11/2020,15:00,Aston Villa,Brighton,1,2,During,2020
21/11/2020,17:30,Tottenham,Man City,2,0,During,2020
21/11/2020,20:00,Man United,West Brom,1,0,During,2020
22/11/2020,12:00,Fulham,Everton,2,3,During,2020
22/11/2020,14:00,Sheffield United,West Ham,0,1,During,2020
22/11/2020,16:30,Leeds,Arsenal,0,0,During,2020
22/11/2020,19:15,Liverpool,Leicester,3,0,During,2020
23/11/2020,17:30,Burnley,Crystal Palace,1,0,During,2020
23/11/2020,20:00,Wolves,Southampton,1,1,During,2020
27/11/2020,20:00,Crystal Palace,Newcastle,0,2,During,2020
28/11/2020,12:30,Brighton,Liverpool,1,1,During,2020
28/11/2020,15:00,Man City,Burnley,5,0,During,2020
28/11/2020,17:30,Everton,Leeds,0,1,During,2020
28/11/2020,20:00,West Brom,Sheffield United,1,0,During,2020
29/11/2020,14:00,Southampton,Man United,2,3,During,2020
29/11/2020,16:30,Chelsea,Tottenham,0,0,During,2020
29/11/2020,19:15,Arsenal,Wolves,1,2,During,2020
30/11/2020,17:30,Leicester,Fulham,1,2,During,2020
30/11/2020,20:00,West Ham,Aston Villa,2,1,During,2020
5/12/2020,12:30,Burnley,Everton,1,1,During,2020
5/12/2020,15:00,Man City,Fulham,2,0,During,2020
5/12/2020,17:30,West Ham,Man United,1,3,During,2020
5/12/2020,20:00,Chelsea,Leeds,3,1,During,2020
6/12/2020,12:00,West Brom,Crystal Palace,1,5,During,2020
6/12/2020,14:15,Sheffield United,Leicester,1,2,During,2020
6/12/2020,16:30,Tottenham,Arsenal,2,0,During,2020
6/12/2020,19:15,Liverpool,Wolves,4,0,During,2020
7/12/2020,20:00,Brighton,Southampton,1,2,During,2020
11/12/2020,20:00,Leeds,West Ham,1,2,During,2020
12/12/2020,12:30,Wolves,Aston Villa,0,1,During,2020
12/12/2020,15:00,Newcastle,West Brom,2,1,During,2020
12/12/2020,17:30,Man United,Man City,0,0,During,2020
12/12/2020,20:00,Everton,Chelsea,1,0,During,2020
13/12/2020,12:00,Southampton,Sheffield United,3,0,During,2020
13/12/2020,14:15,Crystal Palace,Tottenham,1,1,During,2020
13/12/2020,16:30,Fulham,Liverpool,1,1,During,2020
13/12/2020,19:15,Arsenal,Burnley,0,1,During,2020
13/12/2020,19:15,Leicester,Brighton,3,0,During,2020
15/12/2020,18:00,Wolves,Chelsea,2,1,During,2020
15/12/2020,20:00,Man City,West Brom,1,1,During,2020
16/12/2020,18:00,Arsenal,Southampton,1,1,During,2020
16/12/2020,18:00,Leeds,Newcastle,5,2,During,2020
16/12/2020,18:00,Leicester,Everton,0,2,During,2020
16/12/2020,20:00,Fulham,Brighton,0,0,During,2020
16/12/2020,20:00,Liverpool,Tottenham,2,1,During,2020
16/12/2020,20:00,West Ham,Crystal Palace,1,1,During,2020
17/12/2020,18:00,Aston Villa,Burnley,0,0,During,2020
17/12/2020,20:00,Sheffield United,Man United,2,3,During,2020
19/12/2020,12:30,Crystal Palace,Liverpool,0,7,During,2020
19/12/2020,15:00,Southampton,Man City,0,1,During,2020
19/12/2020,17:30,Everton,Arsenal,2,1,During,2020
19/12/2020,20:00,Newcastle,Fulham,1,1,During,2020
20/12/2020,12:00,Brighton,Sheffield United,1,1,During,2020
20/12/2020,14:15,Tottenham,Leicester,0,2,During,2020
20/12/2020,16:30,Man United,Leeds,6,2,During,2020
20/12/2020,19:15,West Brom,Aston Villa,0,3,During,2020
21/12/2020,17:30,Burnley,Wolves,2,1,During,2020
21/12/2020,20:00,Chelsea,West Ham,3,0,During,2020
26/12/2020,12:30,Leicester,Man United,2,2,During,2020
26/12/2020,15:00,Aston Villa,Crystal Palace,3,0,During,2020
26/12/2020,15:00,Fulham,Southampton,0,0,During,2020
26/12/2020,17:30,Arsenal,Chelsea,3,1,During,2020
26/12/2020,20:00,Man City,Newcastle,2,0,During,2020
26/12/2020,20:00,Sheffield United,Everton,0,1,During,2020
27/12/2020,12:00,Leeds,Burnley,1,0,During,2020
27/12/2020,14:15,West Ham,Brighton,2,2,During,2020
27/12/2020,16:30,Liverpool,West Brom,1,1,During,2020
27/12/2020,19:15,Wolves,Tottenham,1,1,During,2020
28/12/2020,15:00,Crystal Palace,Leicester,1,1,During,2020
28/12/2020,17:30,Chelsea,Aston Villa,1,1,During,2020
29/12/2020,18:00,Brighton,Arsenal,0,1,During,2020
29/12/2020,18:00,Burnley,Sheffield United,1,0,During,2020
29/12/2020,18:00,Southampton,West Ham,0,0,During,2020
29/12/2020,18:00,West Brom,Leeds,0,5,During,2020
29/12/2020,20:00,Man United,Wolves,1,0,During,2020
30/12/2020,20:00,Newcastle,Liverpool,0,0,During,2020
1/1/2021,17:30,Everton,West Ham,0,1,During,2020
1/1/2021,20:00,Man United,Aston Villa,2,1,During,2020
2/1/2021,12:30,Tottenham,Leeds,3,0,During,2020
2/1/2021,15:00,Crystal Palace,Sheffield United,2,0,During,2020
2/1/2021,17:30,Brighton,Wolves,3,3,During,2020
2/1/2021,20:00,West Brom,Arsenal,0,4,During,2020
3/1/2021,14:15,Newcastle,Leicester,1,2,During,2020
3/1/2021,16:30,Chelsea,Man City,1,3,During,2020
4/1/2021,20:00,Southampton,Liverpool,1,0,During,2020
12/1/2021,18:00,Sheffield United,Newcastle,1,0,During,2020
12/1/2021,20:15,Burnley,Man United,0,1,During,2020
12/1/2021,20:15,Wolves,Everton,1,2,During,2020
13/01/2021,18:00,Man City,Brighton,1,0,During,2020
13/01/2021,20:15,Tottenham,Fulham,1,1,During,2020
14/01/2021,20:00,Arsenal,Crystal Palace,0,0,During,2020
16/01/2021,12:30,Wolves,West Brom,2,3,During,2020
16/01/2021,15:00,Leeds,Brighton,0,1,During,2020
16/01/2021,15:00,West Ham,Burnley,1,0,During,2020
16/01/2021,17:30,Fulham,Chelsea,0,1,During,2020
16/01/2021,20:00,Leicester,Southampton,2,0,During,2020
17/01/2021,14:00,Sheffield United,Tottenham,1,3,During,2020
17/01/2021,16:30,Liverpool,Man United,0,0,During,2020
17/01/2021,19:15,Man City,Crystal Palace,4,0,During,2020
18/01/2021,20:00,Arsenal,Newcastle,3,0,During,2020
19/01/2021,18:00,West Ham,West Brom,2,1,During,2020
19/01/2021,20:15,Leicester,Chelsea,2,0,During,2020
20/01/2021,18:00,Man City,Aston Villa,2,0,During,2020
20/01/2021,20:15,Fulham,Man United,1,2,During,2020
21/01/2021,20:00,Liverpool,Burnley,0,1,During,2020
23/01/2021,20:00,Aston Villa,Newcastle,2,0,During,2020
26/01/2021,18:00,Crystal Palace,West Ham,2,3,During,2020
26/01/2021,18:00,Newcastle,Leeds,1,2,During,2020
26/01/2021,20:15,Southampton,Arsenal,1,3,During,2020
26/01/2021,20:15,West Brom,Man City,0,5,During,2020
27/01/2021,18:00,Burnley,Aston Villa,3,2,During,2020
27/01/2021,18:00,Chelsea,Wolves,0,0,During,2020
27/01/2021,19:30,Brighton,Fulham,0,0,During,2020
27/01/2021,20:15,Everton,Leicester,1,1,During,2020
27/01/2021,20:15,Man United,Sheffield United,1,2,During,2020
28/01/2021,20:00,Tottenham,Liverpool,1,3,During,2020
30/01/2021,12:30,Everton,Newcastle,0,2,During,2020
30/01/2021,15:00,Crystal Palace,Wolves,1,0,During,2020
30/01/2021,15:00,Man City,Sheffield United,1,0,During,2020
30/01/2021,15:00,West Brom,Fulham,2,2,During,2020
30/01/2021,17:30,Arsenal,Man United,0,0,During,2020
30/01/2021,20:00,Southampton,Aston Villa,0,1,During,2020
31/01/2021,12:00,Chelsea,Burnley,2,0,During,2020
31/01/2021,14:00,Leicester,Leeds,1,3,During,2020
31/01/2021,16:30,West Ham,Liverpool,1,3,During,2020
31/01/2021,19:15,Brighton,Tottenham,1,0,During,2020
2/2/2021,18:00,Sheffield United,West Brom,2,1,During,2020
2/2/2021,18:00,Wolves,Arsenal,2,1,During,2020
2/2/2021,20:15,Man United,Southampton,9,0,During,2020
2/2/2021,20:15,Newcastle,Crystal Palace,1,2,During,2020
3/2/2021,18:00,Burnley,Man City,0,2,During,2020
3/2/2021,18:00,Fulham,Leicester,0,2,During,2020
3/2/2021,19:30,Leeds,Everton,1,2,During,2020
3/2/2021,20:15,Aston Villa,West Ham,1,3,During,2020
3/2/2021,20:15,Liverpool,Brighton,0,1,During,2020
4/2/2021,20:00,Tottenham,Chelsea,0,1,During,2020
6/2/2021,12:30,Aston Villa,Arsenal,1,0,During,2020
6/2/2021,15:00,Burnley,Brighton,1,1,During,2020
6/2/2021,15:00,Newcastle,Southampton,3,2,During,2020
6/2/2021,17:30,Fulham,West Ham,0,0,During,2020
6/2/2021,20:00,Man United,Everton,3,3,During,2020
7/2/2021,12:00,Tottenham,West Brom,2,0,During,2020
7/2/2021,14:00,Wolves,Leicester,0,0,During,2020
7/2/2021,16:30,Liverpool,Man City,1,4,During,2020
7/2/2021,19:15,Sheffield United,Chelsea,1,2,During,2020
8/2/2021,20:00,Leeds,Crystal Palace,2,0,During,2020
13/02/2021,12:30,Leicester,Liverpool,3,1,During,2020
13/02/2021,15:00,Crystal Palace,Burnley,0,3,During,2020
13/02/2021,17:30,Man City,Tottenham,3,0,During,2020
13/02/2021,20:00,Brighton,Aston Villa,0,0,During,2020
14/02/2021,12:00,Southampton,Wolves,1,2,During,2020
14/02/2021,14:00,West Brom,Man United,1,1,During,2020
14/02/2021,16:30,Arsenal,Leeds,4,2,During,2020
14/02/2021,19:00,Everton,Fulham,0,2,During,2020
15/02/2021,18:00,West Ham,Sheffield United,3,0,During,2020
15/02/2021,20:00,Chelsea,Newcastle,2,0,During,2020
17/02/2021,18:00,Burnley,Fulham,1,1,During,2020
17/02/2021,20:15,Everton,Man City,1,3,During,2020
19/02/2021,20:00,Wolves,Leeds,1,0,During,2020
20/02/2021,12:30,Southampton,Chelsea,1,1,During,2020
20/02/2021,15:00,Burnley,West Brom,0,0,During,2020
20/02/2021,17:30,Liverpool,Everton,0,2,During,2020
20/02/2021,20:00,Fulham,Sheffield United,1,0,During,2020
21/02/2021,12:00,West Ham,Tottenham,2,1,During,2020
21/02/2021,14:05,Aston Villa,Leicester,1,2,During,2020
21/02/2021,16:30,Arsenal,Man City,0,1,During,2020
21/02/2021,19:00,Man United,Newcastle,3,1,During,2020
22/02/2021,20:00,Brighton,Crystal Palace,1,2,During,2020
23/02/2021,18:00,Leeds,Southampton,3,0,During,2020
27/02/2021,12:30,Man City,West Ham,2,1,During,2020
27/02/2021,15:00,West Brom,Brighton,1,0,During,2020
27/02/2021,17:30,Leeds,Aston Villa,0,1,During,2020
27/02/2021,20:00,Newcastle,Wolves,1,1,During,2020
28/02/2021,12:00,Crystal Palace,Fulham,0,0,During,2020
28/02/2021,12:00,Leicester,Arsenal,1,3,During,2020
28/02/2021,14:00,Tottenham,Burnley,4,0,During,2020
28/02/2021,16:30,Chelsea,Man United,0,0,During,2020
28/02/2021,19:15,Sheffield United,Liverpool,0,2,During,2020
1/3/2021,20:00,Everton,Southampton,1,0,During,2020
2/3/2021,20:00,Man City,Wolves,4,1,During,2020
3/3/2021,18:00,Burnley,Leicester,1,1,During,2020
3/3/2021,18:00,Sheffield United,Aston Villa,1,0,During,2020
3/3/2021,20:15,Crystal Palace,Man United,0,0,During,2020
4/3/2021,18:00,Fulham,Tottenham,0,1,During,2020
4/3/2021,18:00,West Brom,Everton,0,1,During,2020
4/3/2021,20:15,Liverpool,Chelsea,0,1,During,2020
6/3/2021,12:30,Burnley,Arsenal,1,1,During,2020
6/3/2021,15:00,Sheffield United,Southampton,0,2,During,2020
6/3/2021,17:30,Aston Villa,Wolves,0,0,During,2020
6/3/2021,20:00,Brighton,Leicester,1,2,During,2020
7/3/2021,12:00,West Brom,Newcastle,0,0,During,2020
7/3/2021,14:00,Liverpool,Fulham,0,1,During,2020
7/3/2021,16:30,Man City,Man United,0,2,During,2020
7/3/2021,19:15,Tottenham,Crystal Palace,4,1,During,2020
8/3/2021,18:00,Chelsea,Everton,2,0,During,2020
8/3/2021,20:00,West Ham,Leeds,2,0,During,2020
10/3/2021,18:00,Man City,Southampton,5,2,During,2020
12/3/2021,20:00,Newcastle,Aston Villa,1,1,During,2020
13/03/2021,12:30,Leeds,Chelsea,0,0,During,2020
13/03/2021,15:00,Crystal Palace,West Brom,1,0,During,2020
13/03/2021,17:30,Everton,Burnley,1,2,During,2020
13/03/2021,20:00,Fulham,Man City,0,3,During,2020
14/03/2021,12:00,Southampton,Brighton,1,2,During,2020
14/03/2021,14:00,Leicester,Sheffield United,5,0,During,2020
14/03/2021,16:30,Arsenal,Tottenham,2,1,During,2020
14/03/2021,19:15,Man United,West Ham,1,0,During,2020
15/03/2021,20:00,Wolves,Liverpool,0,1,During,2020
19/03/2021,20:00,Fulham,Leeds,1,2,During,2020
20/03/2021,20:00,Brighton,Newcastle,3,0,During,2020
21/03/2021,15:00,West Ham,Arsenal,3,3,During,2020
21/03/2021,19:30,Aston Villa,Tottenham,0,2,During,2020
3/4/2021,12:30,Chelsea,West Brom,2,5,During,2020
3/4/2021,15:00,Leeds,Sheffield United,2,1,During,2020
3/4/2021,17:30,Leicester,Man City,0,2,During,2020
3/4/2021,20:00,Arsenal,Liverpool,0,3,During,2020
4/4/2021,12:00,Southampton,Burnley,3,2,During,2020
4/4/2021,14:05,Newcastle,Tottenham,2,2,During,2020
4/4/2021,16:30,Aston Villa,Fulham,3,1,During,2020
4/4/2021,19:30,Man United,Brighton,2,1,During,2020
5/4/2021,18:00,Everton,Crystal Palace,1,1,During,2020
5/4/2021,20:15,Wolves,West Ham,2,3,During,2020
9/4/2021,20:00,Fulham,Wolves,0,1,During,2020
10/4/2021,12:30,Man City,Leeds,1,2,During,2020
10/4/2021,15:00,Liverpool,Aston Villa,2,1,During,2020
10/4/2021,17:30,Crystal Palace,Chelsea,1,4,During,2020
11/4/2021,12:00,Burnley,Newcastle,1,2,During,2020
11/4/2021,14:05,West Ham,Leicester,3,2,During,2020
11/4/2021,16:30,Tottenham,Man United,1,3,During,2020
11/4/2021,19:00,Sheffield United,Arsenal,0,3,During,2020
12/4/2021,18:00,West Brom,Southampton,3,0,During,2020
12/4/2021,20:15,Brighton,Everton,0,0,During,2020
16/04/2021,20:00,Everton,Tottenham,2,2,During,2020
17/04/2021,12:30,Newcastle,West Ham,3,2,During,2020
17/04/2021,20:15,Wolves,Sheffield United,1,0,During,2020
18/04/2021,13:30,Arsenal,Fulham,1,1,During,2020
18/04/2021,16:00,Man United,Burnley,3,1,During,2020
19/04/2021,20:00,Leeds,Liverpool,1,1,During,2020
20/04/2021,20:00,Chelsea,Brighton,0,0,During,2020
21/04/2021,18:00,Tottenham,Southampton,2,1,During,2020
21/04/2021,20:15,Aston Villa,Man City,1,2,During,2020
22/04/2021,20:00,Leicester,West Brom,3,0,During,2020
23/04/2021,20:00,Arsenal,Everton,0,1,During,2020
24/04/2021,12:30,Liverpool,Newcastle,1,1,During,2020
24/04/2021,17:30,West Ham,Chelsea,0,1,During,2020
24/04/2021,20:00,Sheffield United,Brighton,1,0,During,2020
25/04/2021,12:00,Wolves,Burnley,0,4,During,2020
25/04/2021,14:00,Leeds,Man United,0,0,During,2020
25/04/2021,19:00,Aston Villa,West Brom,2,2,During,2020
26/04/2021,20:00,Leicester,Crystal Palace,2,1,During,2020
30/04/2021,20:00,Southampton,Leicester,1,1,During,2020
1/5/2021,12:30,Crystal Palace,Man City,0,2,During,2020
1/5/2021,15:00,Brighton,Leeds,2,0,During,2020
1/5/2021,17:30,Chelsea,Fulham,2,0,During,2020
1/5/2021,20:00,Everton,Aston Villa,1,2,During,2020
2/5/2021,14:00,Newcastle,Arsenal,0,2,During,2020
2/5/2021,19:15,Tottenham,Sheffield United,4,0,During,2020
3/5/2021,18:00,West Brom,Wolves,1,1,During,2020
3/5/2021,20:15,Burnley,West Ham,1,2,During,2020
7/5/2021,20:00,Leicester,Newcastle,2,4,During,2020
8/5/2021,12:30,Leeds,Tottenham,3,1,During,2020
8/5/2021,15:00,Sheffield United,Crystal Palace,0,2,During,2020
8/5/2021,17:30,Man City,Chelsea,1,2,During,2020
8/5/2021,20:15,Liverpool,Southampton,2,0,During,2020
9/5/2021,12:00,Wolves,Brighton,2,1,During,2020
9/5/2021,14:05,Aston Villa,Man United,1,3,During,2020
9/5/2021,16:30,West Ham,Everton,0,1,During,2020
9/5/2021,19:00,Arsenal,West Brom,3,1,During,2020
10/5/2021,20:00,Fulham,Burnley,0,2,During,2020
11/5/2021,18:00,Man United,Leicester,1,2,During,2020
11/5/2021,20:15,Southampton,Crystal Palace,3,1,During,2020
12/5/2021,20:15,Chelsea,Arsenal,0,1,During,2020
13/05/2021,18:00,Aston Villa,Everton,0,0,During,2020
13/05/2021,20:15,Man United,Liverpool,2,4,During,2020
14/05/2021,20:00,Newcastle,Man City,3,4,During,2020
15/05/2021,12:30,Burnley,Leeds,0,4,During,2020
15/05/2021,15:00,Southampton,Fulham,3,1,During,2020
15/05/2021,20:00,Brighton,West Ham,1,1,During,2020
16/05/2021,12:00,Crystal Palace,Aston Villa,3,2,During,2020
16/05/2021,14:05,Tottenham,Wolves,2,0,During,2020
16/05/2021,16:30,West Brom,Liverpool,1,2,During,2020
16/05/2021,19:00,Everton,Sheffield United,0,1,During,2020
18/05/2021,18:00,Man United,Fulham,1,1,During,2020
18/05/2021,18:00,Southampton,Leeds,0,2,During,2020
18/05/2021,19:00,Brighton,Man City,3,2,During,2020
18/05/2021,20:15,Chelsea,Leicester,2,1,During,2020
19/05/2021,18:00,Everton,Wolves,1,0,During,2020
19/05/2021,18:00,Newcastle,Sheffield United,1,0,During,2020
19/05/2021,18:00,Tottenham,Aston Villa,1,2,During,2020
19/05/2021,19:00,Crystal Palace,Arsenal,1,3,During,2020
19/05/2021,20:15,Burnley,Liverpool,0,3,During,2020
19/05/2021,20:15,West Brom,West Ham,1,3,During,2020
23/05/2021,16:00,Arsenal,Brighton,2,0,During,2020
23/05/2021,16:00,Aston Villa,Chelsea,2,1,During,2020
23/05/2021,16:00,Fulham,Newcastle,0,2,During,2020
23/05/2021,16:00,Leeds,West Brom,3,1,During,2020
23/05/2021,16:00,Leicester,Tottenham,2,4,During,2020
23/05/2021,16:00,Liverpool,Crystal Palace,2,0,During,2020
23/05/2021,16:00,Man City,Everton,5,0,During,2020
23/05/2021,16:00,Sheffield United,Burnley,1,0,During,2020
23/05/2021,16:00,West Ham,Southampton,3,0,During,2020
23/05/2021,16:00,Wolves,Man United,1,2,During,2020
13/08/2021,20:00,Brentford,Arsenal,2,0,After,2021
14/08/2021,12:30,Man United,Leeds,5,1,After,2021
14/08/2021,15:00,Burnley,Brighton,1,2,After,2021
14/08/2021,15:00,Chelsea,Crystal Palace,3,0,After,2021
14/08/2021,15:00,Everton,Southampton,3,1,After,2021
14/08/2021,15:00,Leicester,Wolves,1,0,After,2021
14/08/2021,15:00,Watford,Aston Villa,3,2,After,2021
14/08/2021,17:30,Norwich,Liverpool,0,3,After,2021
15/08/2021,14:00,Newcastle,West Ham,2,4,After,2021
15/08/2021,16:30,Tottenham,Man City,1,0,After,2021
21/08/2021,12:30,Liverpool,Burnley,2,0,After,2021
21/08/2021,15:00,Aston Villa,Newcastle,2,0,After,2021
21/08/2021,15:00,Crystal Palace,Brentford,0,0,After,2021
21/08/2021,15:00,Leeds,Everton,2,2,After,2021
21/08/2021,15:00,Man City,Norwich,5,0,After,2021
21/08/2021,17:30,Brighton,Watford,2,0,After,2021
22/08/2021,14:00,Southampton,Man United,1,1,After,2021
22/08/2021,14:00,Wolves,Tottenham,0,1,After,2021
22/08/2021,16:30,Arsenal,Chelsea,0,2,After,2021
23/08/2021,20:00,West Ham,Leicester,4,1,After,2021
28/08/2021,12:30,Man City,Arsenal,5,0,After,2021
28/08/2021,15:00,Aston Villa,Brentford,1,1,After,2021
28/08/2021,15:00,Brighton,Everton,0,2,After,2021
28/08/2021,15:00,Newcastle,Southampton,2,2,After,2021
28/08/2021,15:00,Norwich,Leicester,1,2,After,2021
28/08/2021,15:00,West Ham,Crystal Palace,2,2,After,2021
28/08/2021,17:30,Liverpool,Chelsea,1,1,After,2021
29/08/2021,14:00,Burnley,Leeds,1,1,After,2021
29/08/2021,14:00,Tottenham,Watford,1,0,After,2021
29/08/2021,16:30,Wolves,Man United,0,1,After,2021
11/9/2021,12:30,Crystal Palace,Tottenham,3,0,After,2021
11/9/2021,15:00,Arsenal,Norwich,1,0,After,2021
11/9/2021,15:00,Brentford,Brighton,0,1,After,2021
11/9/2021,15:00,Leicester,Man City,0,1,After,2021
11/9/2021,15:00,Man United,Newcastle,4,1,After,2021
11/9/2021,15:00,Southampton,West Ham,0,0,After,2021
11/9/2021,15:00,Watford,Wolves,0,2,After,2021
11/9/2021,17:30,Chelsea,Aston Villa,3,0,After,2021
12/9/2021,16:30,Leeds,Liverpool,0,3,After,2021
13/09/2021,20:00,Everton,Burnley,3,1,After,2021
17/09/2021,20:00,Newcastle,Leeds,1,1,After,2021
18/09/2021,12:30,Wolves,Brentford,0,2,After,2021
18/09/2021,15:00,Burnley,Arsenal,0,1,After,2021
18/09/2021,15:00,Liverpool,Crystal Palace,3,0,After,2021
18/09/2021,15:00,Man City,Southampton,0,0,After,2021
18/09/2021,15:00,Norwich,Watford,1,3,After,2021
18/09/2021,17:30,Aston Villa,Everton,3,0,After,2021
19/09/2021,14:00,Brighton,Leicester,2,1,After,2021
19/09/2021,14:00,West Ham,Man United,1,2,After,2021
19/09/2021,16:30,Tottenham,Chelsea,0,3,After,2021
25/09/2021,12:30,Chelsea,Man City,0,1,After,2021
25/09/2021,12:30,Man United,Aston Villa,0,1,After,2021
25/09/2021,15:00,Everton,Norwich,2,0,After,2021
25/09/2021,15:00,Leeds,West Ham,1,2,After,2021
25/09/2021,15:00,Leicester,Burnley,2,2,After,2021
25/09/2021,15:00,Watford,Newcastle,1,1,After,2021
25/09/2021,17:30,Brentford,Liverpool,3,3,After,2021
26/09/2021,14:00,Southampton,Wolves,0,1,After,2021
26/09/2021,16:30,Arsenal,Tottenham,3,1,After,2021
27/09/2021,20:00,Crystal Palace,Brighton,1,1,After,2021
2/10/2021,12:30,Man United,Everton,1,1,After,2021
2/10/2021,15:00,Burnley,Norwich,0,0,After,2021
2/10/2021,15:00,Chelsea,Southampton,3,1,After,2021
2/10/2021,15:00,Leeds,Watford,1,0,After,2021
2/10/2021,15:00,Wolves,Newcastle,2,1,After,2021
2/10/2021,17:30,Brighton,Arsenal,0,0,After,2021
3/10/2021,14:00,Crystal Palace,Leicester,2,2,After,2021
3/10/2021,14:00,Tottenham,Aston Villa,2,1,After,2021
3/10/2021,14:00,West Ham,Brentford,1,2,After,2021
3/10/2021,16:30,Liverpool,Man City,2,2,After,2021
16/10/2021,12:30,Watford,Liverpool,0,5,After,2021
16/10/2021,15:00,Aston Villa,Wolves,2,3,After,2021
16/10/2021,15:00,Leicester,Man United,4,2,After,2021
16/10/2021,15:00,Man City,Burnley,2,0,After,2021
16/10/2021,15:00,Norwich,Brighton,0,0,After,2021
16/10/2021,15:00,Southampton,Leeds,1,0,After,2021
16/10/2021,17:30,Brentford,Chelsea,0,1,After,2021
17/10/2021,14:00,Everton,West Ham,0,1,After,2021
17/10/2021,16:30,Newcastle,Tottenham,2,3,After,2021
18/10/2021,20:00,Arsenal,Crystal Palace,2,2,After,2021
22/10/2021,20:00,Arsenal,Aston Villa,3,1,After,2021
23/10/2021,12:30,Chelsea,Norwich,7,0,After,2021
23/10/2021,15:00,Crystal Palace,Newcastle,1,1,After,2021
23/10/2021,15:00,Everton,Watford,2,5,After,2021
23/10/2021,15:00,Leeds,Wolves,1,1,After,2021
23/10/2021,15:00,Southampton,Burnley,2,2,After,2021
23/10/2021,17:30,Brighton,Man City,1,4,After,2021
24/10/2021,14:00,Brentford,Leicester,1,2,After,2021
24/10/2021,14:00,West Ham,Tottenham,1,0,After,2021
24/10/2021,16:30,Man United,Liverpool,0,5,After,2021
30/10/2021,12:30,Leicester,Arsenal,0,2,After,2021
30/10/2021,15:00,Burnley,Brentford,3,1,After,2021
30/10/2021,15:00,Liverpool,Brighton,2,2,After,2021
30/10/2021,15:00,Man City,Crystal Palace,0,2,After,2021
30/10/2021,15:00,Newcastle,Chelsea,0,3,After,2021
30/10/2021,15:00,Watford,Southampton,0,1,After,2021
30/10/2021,17:30,Tottenham,Man United,0,3,After,2021
31/10/2021,14:00,Norwich,Leeds,1,2,After,2021
31/10/2021,16:30,Aston Villa,West Ham,1,4,After,2021
1/11/2021,20:00,Wolves,Everton,2,1,After,2021
5/11/2021,20:00,Southampton,Aston Villa,1,0,After,2021
6/11/2021,12:30,Man United,Man City,0,2,After,2021
6/11/2021,15:00,Brentford,Norwich,1,2,After,2021
6/11/2021,15:00,Chelsea,Burnley,1,1,After,2021
6/11/2021,15:00,Crystal Palace,Wolves,2,0,After,2021
6/11/2021,17:30,Brighton,Newcastle,1,1,After,2021
7/11/2021,14:00,Arsenal,Watford,1,0,After,2021
7/11/2021,14:00,Everton,Tottenham,0,0,After,2021
7/11/2021,14:00,Leeds,Leicester,1,1,After,2021
7/11/2021,16:30,West Ham,Liverpool,3,2,After,2021
20/11/2021,12:30,Leicester,Chelsea,0,3,After,2021
20/11/2021,15:00,Aston Villa,Brighton,2,0,After,2021
20/11/2021,15:00,Burnley,Crystal Palace,3,3,After,2021
20/11/2021,15:00,Newcastle,Brentford,3,3,After,2021
20/11/2021,15:00,Norwich,Southampton,2,1,After,2021
20/11/2021,15:00,Watford,Man United,4,1,After,2021
20/11/2021,15:00,Wolves,West Ham,1,0,After,2021
20/11/2021,17:30,Liverpool,Arsenal,4,0,After,2021
21/11/2021,14:00,Man City,Everton,3,0,After,2021
21/11/2021,16:30,Tottenham,Leeds,2,1,After,2021
27/11/2021,12:30,Arsenal,Newcastle,2,0,After,2021
27/11/2021,15:00,Crystal Palace,Aston Villa,1,2,After,2021
27/11/2021,15:00,Liverpool,Southampton,4,0,After,2021
27/11/2021,15:00,Norwich,Wolves,0,0,After,2021
27/11/2021,17:30,Brighton,Leeds,0,0,After,2021
28/11/2021,14:00,Brentford,Everton,1,0,After,2021
28/11/2021,14:00,Leicester,Watford,4,2,After,2021
28/11/2021,14:00,Man City,West Ham,2,1,After,2021
28/11/2021,16:30,Chelsea,Man United,1,1,After,2021
30/11/2021,19:30,Newcastle,Norwich,1,1,After,2021
30/11/2021,20:15,Leeds,Crystal Palace,1,0,After,2021
1/12/2021,19:30,Southampton,Leicester,2,2,After,2021
1/12/2021,19:30,Watford,Chelsea,1,2,After,2021
1/12/2021,19:30,West Ham,Brighton,1,1,After,2021
1/12/2021,19:30,Wolves,Burnley,0,0,After,2021
1/12/2021,20:15,Aston Villa,Man City,1,2,After,2021
1/12/2021,20:15,Everton,Liverpool,1,4,After,2021
2/12/2021,19:30,Tottenham,Brentford,2,0,After,2021
2/12/2021,20:15,Man United,Arsenal,3,2,After,2021
4/12/2021,12:30,West Ham,Chelsea,3,2,After,2021
4/12/2021,15:00,Newcastle,Burnley,1,0,After,2021
4/12/2021,15:00,Southampton,Brighton,1,1,After,2021
4/12/2021,15:00,Wolves,Liverpool,0,1,After,2021
4/12/2021,17:30,Watford,Man City,1,3,After,2021
5/12/2021,14:00,Leeds,Brentford,2,2,After,2021
5/12/2021,14:00,Man United,Crystal Palace,1,0,After,2021
5/12/2021,14:00,Tottenham,Norwich,3,0,After,2021
5/12/2021,16:30,Aston Villa,Leicester,2,1,After,2021
6/12/2021,20:00,Everton,Arsenal,2,1,After,2021
10/12/2021,20:00,Brentford,Watford,2,1,After,2021
11/12/2021,12:30,Man City,Wolves,1,0,After,2021
11/12/2021,15:00,Arsenal,Southampton,3,0,After,2021
11/12/2021,15:00,Chelsea,Leeds,3,2,After,2021
11/12/2021,15:00,Liverpool,Aston Villa,1,0,After,2021
11/12/2021,17:30,Norwich,Man United,0,1,After,2021
12/12/2021,14:00,Burnley,West Ham,0,0,After,2021
12/12/2021,14:00,Leicester,Newcastle,4,0,After,2021
12/12/2021,16:30,Crystal Palace,Everton,3,1,After,2021
14/12/2021,19:45,Norwich,Aston Villa,0,2,After,2021
14/12/2021,20:00,Man City,Leeds,7,0,After,2021
15/12/2021,19:30,Brighton,Wolves,0,1,After,2021
15/12/2021,19:30,Crystal Palace,Southampton,2,2,After,2021
15/12/2021,20:00,Arsenal,West Ham,2,0,After,2021
16/12/2021,19:45,Chelsea,Everton,1,1,After,2021
16/12/2021,20:00,Liverpool,Newcastle,3,1,After,2021
18/12/2021,17:30,Leeds,Arsenal,1,4,After,2021
19/12/2021,14:00,Newcastle,Man City,0,4,After,2021
19/12/2021,14:00,Wolves,Chelsea,0,0,After,2021
19/12/2021,16:30,Tottenham,Liverpool,2,2,After,2021
26/12/2021,15:00,Man City,Leicester,6,3,After,2021
26/12/2021,15:00,Norwich,Arsenal,0,5,After,2021
26/12/2021,15:00,Tottenham,Crystal Palace,3,0,After,2021
26/12/2021,15:00,West Ham,Southampton,2,3,After,2021
26/12/2021,17:30,Aston Villa,Chelsea,1,3,After,2021
26/12/2021,20:00,Brighton,Brentford,2,0,After,2021
27/12/2021,20:00,Newcastle,Man United,1,1,After,2021
28/12/2021,15:00,Crystal Palace,Norwich,3,0,After,2021
28/12/2021,15:00,Southampton,Tottenham,1,1,After,2021
28/12/2021,15:00,Watford,West Ham,1,4,After,2021
28/12/2021,20:00,Leicester,Liverpool,1,0,After,2021
29/12/2021,19:30,Chelsea,Brighton,1,1,After,2021
29/12/2021,20:15,Brentford,Man City,0,1,After,2021
30/12/2021,20:15,Man United,Burnley,3,1,After,2021
1/1/2022,12:30,Arsenal,Man City,1,2,After,2021
1/1/2022,15:00,Watford,Tottenham,0,1,After,2021
1/1/2022,17:30,Crystal Palace,West Ham,2,3,After,2021
2/1/2022,14:00,Brentford,Aston Villa,2,1,After,2021
2/1/2022,14:00,Everton,Brighton,2,3,After,2021
2/1/2022,14:00,Leeds,Burnley,3,1,After,2021
2/1/2022,16:30,Chelsea,Liverpool,2,2,After,2021
3/1/2022,17:30,Man United,Wolves,0,1,After,2021
11/1/2022,19:45,Southampton,Brentford,4,1,After,2021
12/1/2022,19:45,West Ham,Norwich,2,0,After,2021
14/01/2022,20:00,Brighton,Crystal Palace,1,1,After,2021
15/01/2022,12:30,Man City,Chelsea,1,0,After,2021
15/01/2022,15:00,Newcastle,Watford,1,1,After,2021
15/01/2022,15:00,Norwich,Everton,2,1,After,2021
15/01/2022,15:00,Wolves,Southampton,3,1,After,2021
15/01/2022,17:30,Aston Villa,Man United,2,2,After,2021
16/01/2022,14:00,Liverpool,Brentford,3,0,After,2021
16/01/2022,14:00,West Ham,Leeds,2,3,After,2021
18/01/2022,20:00,Brighton,Chelsea,1,1,After,2021
19/01/2022,19:30,Leicester,Tottenham,2,3,After,2021
19/01/2022,20:00,Brentford,Man United,1,3,After,2021
21/01/2022,20:00,Watford,Norwich,0,3,After,2021
22/01/2022,12:30,Everton,Aston Villa,0,1,After,2021
22/01/2022,15:00,Brentford,Wolves,1,2,After,2021
22/01/2022,15:00,Leeds,Newcastle,0,1,After,2021
22/01/2022,15:00,Man United,West Ham,1,0,After,2021
22/01/2022,17:30,Southampton,Man City,1,1,After,2021
23/01/2022,14:00,Arsenal,Burnley,0,0,After,2021
23/01/2022,14:00,Crystal Palace,Liverpool,1,3,After,2021
23/01/2022,14:00,Leicester,Brighton,1,1,After,2021
23/01/2022,16:30,Chelsea,Tottenham,2,0,After,2021
5/2/2022,18:00,Burnley,Watford,0,0,After,2021
8/2/2022,19:45,Newcastle,Everton,3,1,After,2021
8/2/2022,19:45,West Ham,Watford,1,0,After,2021
8/2/2022,20:00,Burnley,Man United,1,1,After,2021
9/2/2022,19:45,Man City,Brentford,2,0,After,2021
9/2/2022,19:45,Norwich,Crystal Palace,1,1,After,2021
9/2/2022,19:45,Tottenham,Southampton,2,3,After,2021
9/2/2022,20:00,Aston Villa,Leeds,3,3,After,2021
10/2/2022,19:45,Liverpool,Leicester,2,0,After,2021
10/2/2022,19:45,Wolves,Arsenal,0,1,After,2021
12/2/2022,12:30,Man United,Southampton,1,1,After,2021
12/2/2022,15:00,Brentford,Crystal Palace,0,0,After,2021
12/2/2022,15:00,Everton,Leeds,3,0,After,2021
12/2/2022,15:00,Watford,Brighton,0,2,After,2021
12/2/2022,17:30,Norwich,Man City,0,4,After,2021
13/02/2022,14:00,Burnley,Liverpool,0,1,After,2021
13/02/2022,14:00,Newcastle,Aston Villa,1,0,After,2021
13/02/2022,14:00,Tottenham,Wolves,0,2,After,2021
13/02/2022,16:30,Leicester,West Ham,2,2,After,2021
15/02/2022,20:15,Man United,Brighton,2,0,After,2021
19/02/2022,12:30,West Ham,Newcastle,1,1,After,2021
19/02/2022,15:00,Arsenal,Brentford,2,1,After,2021
19/02/2022,15:00,Aston Villa,Watford,0,1,After,2021
19/02/2022,15:00,Brighton,Burnley,0,3,After,2021
19/02/2022,15:00,Crystal Palace,Chelsea,0,1,After,2021
19/02/2022,15:00,Liverpool,Norwich,3,1,After,2021
19/02/2022,15:00,Southampton,Everton,2,0,After,2021
19/02/2022,17:30,Man City,Tottenham,2,3,After,2021
20/02/2022,14:00,Leeds,Man United,2,4,After,2021
20/02/2022,16:30,Wolves,Leicester,2,1,After,2021
23/02/2022,19:30,Burnley,Tottenham,1,0,After,2021
23/02/2022,19:30,Watford,Crystal Palace,1,4,After,2021
23/02/2022,19:45,Liverpool,Leeds,6,0,After,2021
24/02/2022,19:45,Arsenal,Wolves,2,1,After,2021
25/02/2022,20:00,Southampton,Norwich,2,0,After,2021
26/02/2022,12:30,Leeds,Tottenham,0,4,After,2021
26/02/2022,15:00,Brentford,Newcastle,0,2,After,2021
26/02/2022,15:00,Crystal Palace,Burnley,1,1,After,2021
26/02/2022,15:00,Man United,Watford,0,0,After,2021
26/02/2022,15:30,Brighton,Aston Villa,0,2,After,2021
26/02/2022,17:30,Everton,Man City,0,1,After,2021
27/02/2022,14:00,West Ham,Wolves,1,0,After,2021
1/3/2022,19:45,Burnley,Leicester,0,2,After,2021
5/3/2022,12:30,Leicester,Leeds,1,0,After,2021
5/3/2022,15:00,Aston Villa,Southampton,4,0,After,2021
5/3/2022,15:00,Burnley,Chelsea,0,4,After,2021
5/3/2022,15:00,Newcastle,Brighton,2,1,After,2021
5/3/2022,15:00,Norwich,Brentford,1,3,After,2021
5/3/2022,15:00,Wolves,Crystal Palace,0,2,After,2021
5/3/2022,17:30,Liverpool,West Ham,1,0,After,2021
6/3/2022,14:00,Watford,Arsenal,2,3,After,2021
6/3/2022,16:30,Man City,Man United,4,1,After,2021
7/3/2022,20:00,Tottenham,Everton,5,0,After,2021
10/3/2022,19:30,Norwich,Chelsea,1,3,After,2021
10/3/2022,19:30,Southampton,Newcastle,1,2,After,2021
10/3/2022,19:30,Wolves,Watford,4,0,After,2021
10/3/2022,19:45,Leeds,Aston Villa,0,3,After,2021
12/3/2022,12:30,Brighton,Liverpool,0,2,After,2021
12/3/2022,15:00,Brentford,Burnley,2,0,After,2021
12/3/2022,17:30,Man United,Tottenham,3,2,After,2021
13/03/2022,14:00,Chelsea,Newcastle,1,0,After,2021
13/03/2022,14:00,Everton,Wolves,0,1,After,2021
13/03/2022,14:00,Leeds,Norwich,2,1,After,2021
13/03/2022,14:00,Southampton,Watford,1,2,After,2021
13/03/2022,14:00,West Ham,Aston Villa,2,1,After,2021
13/03/2022,16:30,Arsenal,Leicester,2,0,After,2021
14/03/2022,20:00,Crystal Palace,Man City,0,0,After,2021
16/03/2022,19:30,Brighton,Tottenham,0,2,After,2021
16/03/2022,20:15,Arsenal,Liverpool,0,2,After,2021
17/03/2022,19:45,Everton,Newcastle,1,0,After,2021
18/03/2022,20:00,Wolves,Leeds,2,3,After,2021
19/03/2022,12:30,Aston Villa,Arsenal,0,1,After,2021
20/03/2022,14:00,Leicester,Brentford,2,1,After,2021
20/03/2022,16:30,Tottenham,West Ham,3,1,After,2021
2/4/2022,12:30,Liverpool,Watford,2,0,After,2021
2/4/2022,15:00,Brighton,Norwich,0,0,After,2021
2/4/2022,15:00,Burnley,Man City,0,2,After,2021
2/4/2022,15:00,Chelsea,Brentford,1,4,After,2021
2/4/2022,15:00,Leeds,Southampton,1,1,After,2021
2/4/2022,15:00,Wolves,Aston Villa,2,1,After,2021
2/4/2022,17:30,Man United,Leicester,1,1,After,2021
3/4/2022,14:00,West Ham,Everton,2,1,After,2021
3/4/2022,16:30,Tottenham,Newcastle,5,1,After,2021
4/4/2022,20:00,Crystal Palace,Arsenal,3,0,After,2021
6/4/2022,19:30,Burnley,Everton,3,2,After,2021
8/4/2022,20:00,Newcastle,Wolves,1,0,After,2021
9/4/2022,12:30,Everton,Man United,1,0,After,2021
9/4/2022,15:00,Arsenal,Brighton,1,2,After,2021
9/4/2022,15:00,Southampton,Chelsea,0,6,After,2021
9/4/2022,15:00,Watford,Leeds,0,3,After,2021
9/4/2022,17:30,Aston Villa,Tottenham,0,4,After,2021
10/4/2022,14:00,Brentford,West Ham,2,0,After,2021
10/4/2022,14:00,Leicester,Crystal Palace,2,1,After,2021
10/4/2022,14:00,Norwich,Burnley,2,0,After,2021
10/4/2022,16:30,Man City,Liverpool,2,2,After,2021
16/04/2022,12:30,Tottenham,Brighton,0,1,After,2021
16/04/2022,15:00,Man United,Norwich,3,2,After,2021
16/04/2022,15:00,Southampton,Arsenal,1,0,After,2021
16/04/2022,15:00,Watford,Brentford,1,2,After,2021
17/04/2022,14:15,Newcastle,Leicester,2,1,After,2021
17/04/2022,14:15,West Ham,Burnley,1,1,After,2021
19/04/2022,20:00,Liverpool,Man United,4,0,After,2021
20/04/2022,19:45,Chelsea,Arsenal,2,4,After,2021
20/04/2022,19:45,Everton,Leicester,1,1,After,2021
20/04/2022,19:45,Newcastle,Crystal Palace,1,0,After,2021
20/04/2022,20:00,Man City,Brighton,3,0,After,2021
21/04/2022,19:45,Burnley,Southampton,2,0,After,2021
23/04/2022,12:30,Arsenal,Man United,3,1,After,2021
23/04/2022,15:00,Leicester,Aston Villa,0,0,After,2021
23/04/2022,15:00,Man City,Watford,5,1,After,2021
23/04/2022,15:00,Norwich,Newcastle,0,3,After,2021
23/04/2022,17:30,Brentford,Tottenham,0,0,After,2021
24/04/2022,14:00,Brighton,Southampton,2,2,After,2021
24/04/2022,14:00,Burnley,Wolves,1,0,After,2021
24/04/2022,14:00,Chelsea,West Ham,1,0,After,2021
24/04/2022,16:30,Liverpool,Everton,2,0,After,2021
25/04/2022,20:00,Crystal Palace,Leeds,0,0,After,2021
28/04/2022,19:45,Man United,Chelsea,1,1,After,2021
30/04/2022,12:30,Newcastle,Liverpool,0,1,After,2021
30/04/2022,15:00,Aston Villa,Norwich,2,0,After,2021
30/04/2022,15:00,Southampton,Crystal Palace,1,2,After,2021
30/04/2022,15:00,Watford,Burnley,1,2,After,2021
30/04/2022,15:00,Wolves,Brighton,0,3,After,2021
30/04/2022,17:30,Leeds,Man City,0,4,After,2021
1/5/2022,14:00,Everton,Chelsea,1,0,After,2021
1/5/2022,14:00,Tottenham,Leicester,3,1,After,2021
1/5/2022,16:30,West Ham,Arsenal,1,2,After,2021
2/5/2022,20:00,Man United,Brentford,3,0,After,2021
7/5/2022,15:00,Brentford,Southampton,3,0,After,2021
7/5/2022,15:00,Burnley,Aston Villa,1,3,After,2021
7/5/2022,15:00,Chelsea,Wolves,2,2,After,2021
7/5/2022,15:00,Crystal Palace,Watford,1,0,After,2021
7/5/2022,17:30,Brighton,Man United,4,0,After,2021
7/5/2022,19:45,Liverpool,Tottenham,1,1,After,2021
8/5/2022,14:00,Arsenal,Leeds,2,1,After,2021
8/5/2022,14:00,Leicester,Everton,1,2,After,2021
8/5/2022,14:00,Norwich,West Ham,0,4,After,2021
8/5/2022,16:30,Man City,Newcastle,5,0,After,2021
10/5/2022,20:00,Aston Villa,Liverpool,1,2,After,2021
11/5/2022,19:30,Leeds,Chelsea,0,3,After,2021
11/5/2022,19:45,Leicester,Norwich,3,0,After,2021
11/5/2022,19:45,Watford,Everton,0,0,After,2021
11/5/2022,20:15,Wolves,Man City,1,5,After,2021
12/5/2022,19:45,Tottenham,Arsenal,3,0,After,2021
15/05/2022,12:00,Tottenham,Burnley,1,0,After,2021
15/05/2022,14:00,Aston Villa,Crystal Palace,1,1,After,2021
15/05/2022,14:00,Leeds,Brighton,1,1,After,2021
15/05/2022,14:00,Watford,Leicester,1,5,After,2021
15/05/2022,14:00,West Ham,Man City,2,2,After,2021
15/05/2022,14:00,Wolves,Norwich,1,1,After,2021
15/05/2022,16:30,Everton,Brentford,2,3,After,2021
16/05/2022,20:00,Newcastle,Arsenal,2,0,After,2021
17/05/2022,19:45,Southampton,Liverpool,1,2,After,2021
19/05/2022,19:45,Everton,Crystal Palace,3,2,After,2021
19/05/2022,20:00,Aston Villa,Burnley,1,1,After,2021
19/05/2022,20:00,Chelsea,Leicester,1,1,After,2021
22/05/2022,16:00,Arsenal,Everton,5,1,After,2021
22/05/2022,16:00,Brentford,Leeds,1,2,After,2021
22/05/2022,16:00,Brighton,West Ham,3,1,After,2021
22/05/2022,16:00,Burnley,Newcastle,1,2,After,2021
22/05/2022,16:00,Chelsea,Watford,2,1,After,2021
22/05/2022,16:00,Crystal Palace,Man United,1,0,After,2021
22/05/2022,16:00,Leicester,Southampton,4,1,After,2021
22/05/2022,16:00,Liverpool,Wolves,3,1,After,2021
22/05/2022,16:00,Man City,Aston Villa,3,2,After,2021
22/05/2022,16:00,Norwich,Tottenham,0,5,After,2021
5/8/2022,20:00,Crystal Palace,Arsenal,0,2,After,2022
6/8/2022,12:30,Fulham,Liverpool,2,2,After,2022
6/8/2022,15:00,Bournemouth,Aston Villa,2,0,After,2022
6/8/2022,15:00,Leeds,Wolves,2,1,After,2022
6/8/2022,15:00,Newcastle,Nott'm Forest,2,0,After,2022
6/8/2022,15:00,Tottenham,Southampton,4,1,After,2022
6/8/2022,17:30,Everton,Chelsea,0,1,After,2022
7/8/2022,14:00,Leicester,Brentford,2,2,After,2022
7/8/2022,14:00,Man United,Brighton,1,2,After,2022
7/8/2022,16:30,West Ham,Man City,0,2,After,2022
13/08/2022,12:30,Aston Villa,Everton,2,1,After,2022
13/08/2022,15:00,Arsenal,Leicester,4,2,After,2022
13/08/2022,15:00,Brighton,Newcastle,0,0,After,2022
13/08/2022,15:00,Man City,Bournemouth,4,0,After,2022
13/08/2022,15:00,Southampton,Leeds,2,2,After,2022
13/08/2022,15:00,Wolves,Fulham,0,0,After,2022
13/08/2022,17:30,Brentford,Man United,4,0,After,2022
14/08/2022,14:00,Nott'm Forest,West Ham,1,0,After,2022
14/08/2022,16:30,Chelsea,Tottenham,2,2,After,2022
15/08/2022,20:00,Liverpool,Crystal Palace,1,1,After,2022
20/08/2022,12:30,Tottenham,Wolves,1,0,After,2022
20/08/2022,15:00,Crystal Palace,Aston Villa,3,1,After,2022
20/08/2022,15:00,Everton,Nott'm Forest,1,1,After,2022
20/08/2022,15:00,Fulham,Brentford,3,2,After,2022
20/08/2022,15:00,Leicester,Southampton,1,2,After,2022
20/08/2022,17:30,Bournemouth,Arsenal,0,3,After,2022
21/08/2022,14:00,Leeds,Chelsea,3,0,After,2022
21/08/2022,14:00,West Ham,Brighton,0,2,After,2022
21/08/2022,16:30,Newcastle,Man City,3,3,After,2022
22/08/2022,20:00,Man United,Liverpool,2,1,After,2022
27/08/2022,12:30,Southampton,Man United,0,1,After,2022
27/08/2022,15:00,Brentford,Everton,1,1,After,2022
27/08/2022,15:00,Brighton,Leeds,1,0,After,2022
27/08/2022,15:00,Chelsea,Leicester,2,1,After,2022
27/08/2022,15:00,Liverpool,Bournemouth,9,0,After,2022
27/08/2022,15:00,Man City,Crystal Palace,4,2,After,2022
27/08/2022,17:30,Arsenal,Fulham,2,1,After,2022
28/08/2022,14:00,Aston Villa,West Ham,0,1,After,2022
28/08/2022,14:00,Wolves,Newcastle,1,1,After,2022
28/08/2022,16:30,Nott'm Forest,Tottenham,0,2,After,2022
30/08/2022,19:30,Crystal Palace,Brentford,1,1,After,2022
30/08/2022,19:30,Fulham,Brighton,2,1,After,2022
30/08/2022,19:45,Southampton,Chelsea,2,1,After,2022
30/08/2022,20:00,Leeds,Everton,1,1,After,2022
31/08/2022,19:30,Arsenal,Aston Villa,2,1,After,2022
31/08/2022,19:30,Bournemouth,Wolves,0,0,After,2022
31/08/2022,19:30,Man City,Nott'm Forest,6,0,After,2022
31/08/2022,19:45,West Ham,Tottenham,1,1,After,2022
31/08/2022,20:00,Liverpool,Newcastle,2,1,After,2022
1/9/2022,20:00,Leicester,Man United,0,1,After,2022
3/9/2022,12:30,Everton,Liverpool,0,0,After,2022
3/9/2022,15:00,Brentford,Leeds,5,2,After,2022
3/9/2022,15:00,Chelsea,West Ham,2,1,After,2022
3/9/2022,15:00,Newcastle,Crystal Palace,0,0,After,2022
3/9/2022,15:00,Nott'm Forest,Bournemouth,2,3,After,2022
3/9/2022,15:00,Tottenham,Fulham,2,1,After,2022
3/9/2022,15:00,Wolves,Southampton,1,0,After,2022
3/9/2022,17:30,Aston Villa,Man City,1,1,After,2022
4/9/2022,14:00,Brighton,Leicester,5,2,After,2022
4/9/2022,16:30,Man United,Arsenal,3,1,After,2022
16/09/2022,20:00,Aston Villa,Southampton,1,0,After,2022
16/09/2022,20:00,Nott'm Forest,Fulham,2,3,After,2022
17/09/2022,12:30,Wolves,Man City,0,3,After,2022
17/09/2022,15:00,Newcastle,Bournemouth,1,1,After,2022
17/09/2022,17:30,Tottenham,Leicester,6,2,After,2022
18/09/2022,12:00,Brentford,Arsenal,0,3,After,2022
18/09/2022,14:15,Everton,West Ham,1,0,After,2022
1/10/2022,12:30,Arsenal,Tottenham,3,1,After,2022
1/10/2022,15:00,Bournemouth,Brentford,0,0,After,2022
1/10/2022,15:00,Crystal Palace,Chelsea,1,2,After,2022
1/10/2022,15:00,Fulham,Newcastle,1,4,After,2022
1/10/2022,15:00,Liverpool,Brighton,3,3,After,2022
1/10/2022,15:00,Southampton,Everton,1,2,After,2022
1/10/2022,17:30,West Ham,Wolves,2,0,After,2022
2/10/2022,14:00,Man City,Man United,6,3,After,2022
2/10/2022,16:30,Leeds,Aston Villa,0,0,After,2022
3/10/2022,20:00,Leicester,Nott'm Forest,4,0,After,2022
8/10/2022,15:00,Bournemouth,Leicester,2,1,After,2022
8/10/2022,15:00,Chelsea,Wolves,3,0,After,2022
8/10/2022,15:00,Man City,Southampton,4,0,After,2022
8/10/2022,15:00,Newcastle,Brentford,5,1,After,2022
8/10/2022,17:30,Brighton,Tottenham,0,1,After,2022
9/10/2022,14:00,Crystal Palace,Leeds,2,1,After,2022
9/10/2022,14:00,West Ham,Fulham,3,1,After,2022
9/10/2022,16:30,Arsenal,Liverpool,3,2,After,2022
9/10/2022,19:00,Everton,Man United,1,2,After,2022
10/10/2022,20:00,Nott'm Forest,Aston Villa,1,1,After,2022
14/10/2022,20:00,Brentford,Brighton,2,0,After,2022
15/10/2022,12:30,Leicester,Crystal Palace,0,0,After,2022
15/10/2022,15:00,Fulham,Bournemouth,2,2,After,2022
15/10/2022,15:00,Wolves,Nott'm Forest,1,0,After,2022
15/10/2022,17:30,Tottenham,Everton,2,0,After,2022
16/10/2022,14:00,Aston Villa,Chelsea,0,2,After,2022
16/10/2022,14:00,Leeds,Arsenal,0,1,After,2022
16/10/2022,14:00,Man United,Newcastle,0,0,After,2022
16/10/2022,14:00,Southampton,West Ham,1,1,After,2022
16/10/2022,16:30,Liverpool,Man City,1,0,After,2022
